[
  {
    "value": "AC",
    "label": "Ascension Island"
  },
  {
    "value": "AD",
    "label": "Andorra"
  },
  {
    "value": "AE",
    "label": "United Arab Emirates"
  },
  {
    "value": "AF",
    "label": "Afghanistan"
  },
  {
    "value": "AG",
    "label": "Antigua & Barbuda"
  },
  {
    "value": "AI",
    "label": "Anguilla"
  },
  {
    "value": "AL",
    "label": "Albania"
  },
  {
    "value": "AM",
    "label": "Armenia"
  },
  {
    "value": "AO",
    "label": "Angola"
  },
  {
    "value": "AQ",
    "label": "Antarctica"
  },
  {
    "value": "AR",
    "label": "Argentina"
  },
  {
    "value": "AT",
    "label": "Austria"
  },
  {
    "value": "AU",
    "label": "Australia"
  },
  {
    "value": "AW",
    "label": "Aruba"
  },
  {
    "value": "AX",
    "label": "Åland Islands"
  },
  {
    "value": "AZ",
    "label": "Azerbaijan"
  },
  {
    "value": "BA",
    "label": "Bosnia & Herzegovina"
  },
  {
    "value": "BB",
    "label": "Barbados"
  },
  {
    "value": "BD",
    "label": "Bangladesh"
  },
  {
    "value": "BE",
    "label": "Belgium"
  },
  {
    "value": "BF",
    "label": "Burkina Faso"
  },
  {
    "value": "BG",
    "label": "Bulgaria"
  },
  {
    "value": "BH",
    "label": "Bahrain"
  },
  {
    "value": "BI",
    "label": "Burundi"
  },
  {
    "value": "BJ",
    "label": "Benin"
  },
  {
    "value": "BL",
    "label": "St Barthélemy"
  },
  {
    "value": "BM",
    "label": "Bermuda"
  },
  {
    "value": "BN",
    "label": "Brunei"
  },
  {
    "value": "BO",
    "label": "Bolivia"
  },
  {
    "value": "BQ",
    "label": "Caribbean Netherlands"
  },
  {
    "value": "BR",
    "label": "Brazil"
  },
  {
    "value": "BS",
    "label": "Bahamas"
  },
  {
    "value": "BT",
    "label": "Bhutan"
  },
  {
    "value": "BV",
    "label": "Bouvet Island"
  },
  {
    "value": "BW",
    "label": "Botswana"
  },
  {
    "value": "BY",
    "label": "Belarus"
  },
  {
    "value": "BZ",
    "label": "Belize"
  },
  {
    "value": "CA",
    "label": "Canada"
  },
  {
    "value": "CD",
    "label": "Congo - Kinshasa"
  },
  {
    "value": "CF",
    "label": "Central African Republic"
  },
  {
    "value": "CG",
    "label": "Congo - Brazzaville"
  },
  {
    "value": "CH",
    "label": "Switzerland"
  },
  {
    "value": "CI",
    "label": "Côte d’Ivoire"
  },
  {
    "value": "CK",
    "label": "Cook Islands"
  },
  {
    "value": "CL",
    "label": "Chile"
  },
  {
    "value": "CM",
    "label": "Cameroon"
  },
  {
    "value": "CN",
    "label": "China"
  },
  {
    "value": "CO",
    "label": "Colombia"
  },
  {
    "value": "CR",
    "label": "Costa Rica"
  },
  {
    "value": "CV",
    "label": "Cape Verde"
  },
  {
    "value": "CW",
    "label": "Curaçao"
  },
  {
    "value": "CY",
    "label": "Cyprus"
  },
  {
    "value": "CZ",
    "label": "Czechia"
  },
  {
    "value": "DE",
    "label": "Germany"
  },
  {
    "value": "DJ",
    "label": "Djibouti"
  },
  {
    "value": "DK",
    "label": "Denmark"
  },
  {
    "value": "DM",
    "label": "Dominica"
  },
  {
    "value": "DO",
    "label": "Dominican Republic"
  },
  {
    "value": "DZ",
    "label": "Algeria"
  },
  {
    "value": "EC",
    "label": "Ecuador"
  },
  {
    "value": "EE",
    "label": "Estonia"
  },
  {
    "value": "EG",
    "label": "Egypt"
  },
  {
    "value": "EH",
    "label": "Western Sahara"
  },
  {
    "value": "ER",
    "label": "Eritrea"
  },
  {
    "value": "ES",
    "label": "Spain"
  },
  {
    "value": "ET",
    "label": "Ethiopia"
  },
  {
    "value": "FI",
    "label": "Finland"
  },
  {
    "value": "FJ",
    "label": "Fiji"
  },
  {
    "value": "FK",
    "label": "Falkland Islands"
  },
  {
    "value": "FO",
    "label": "Faroe Islands"
  },
  {
    "value": "FR",
    "label": "France"
  },
  {
    "value": "GA",
    "label": "Gabon"
  },
  {
    "value": "GB",
    "label": "United Kingdom"
  },
  {
    "value": "GD",
    "label": "Grenada"
  },
  {
    "value": "GE",
    "label": "Georgia"
  },
  {
    "value": "GF",
    "label": "French Guiana"
  },
  {
    "value": "GG",
    "label": "Guernsey"
  },
  {
    "value": "GH",
    "label": "Ghana"
  },
  {
    "value": "GI",
    "label": "Gibraltar"
  },
  {
    "value": "GL",
    "label": "Greenland"
  },
  {
    "value": "GM",
    "label": "Gambia"
  },
  {
    "value": "GN",
    "label": "Guinea"
  },
  {
    "value": "GP",
    "label": "Guadeloupe"
  },
  {
    "value": "GQ",
    "label": "Equatorial Guinea"
  },
  {
    "value": "GR",
    "label": "Greece"
  },
  {
    "value": "GS",
    "label": "South Georgia & South Sandwich Islands"
  },
  {
    "value": "GT",
    "label": "Guatemala"
  },
  {
    "value": "GU",
    "label": "Guam"
  },
  {
    "value": "GW",
    "label": "Guinea-Bissau"
  },
  {
    "value": "GY",
    "label": "Guyana"
  },
  {
    "value": "HK",
    "label": "Hong Kong SAR China"
  },
  {
    "value": "HN",
    "label": "Honduras"
  },
  {
    "value": "HR",
    "label": "Croatia"
  },
  {
    "value": "HT",
    "label": "Haiti"
  },
  {
    "value": "HU",
    "label": "Hungary"
  },
  {
    "value": "ID",
    "label": "Indonesia"
  },
  {
    "value": "IE",
    "label": "Ireland"
  },
  {
    "value": "IL",
    "label": "Israel"
  },
  {
    "value": "IM",
    "label": "Isle of Man"
  },
  {
    "value": "IN",
    "label": "India"
  },
  {
    "value": "IO",
    "label": "British Indian Ocean Territory"
  },
  {
    "value": "IQ",
    "label": "Iraq"
  },
  {
    "value": "IS",
    "label": "Iceland"
  },
  {
    "value": "IT",
    "label": "Italy"
  },
  {
    "value": "JE",
    "label": "Jersey"
  },
  {
    "value": "JM",
    "label": "Jamaica"
  },
  {
    "value": "JO",
    "label": "Jordan"
  },
  {
    "value": "JP",
    "label": "Japan"
  },
  {
    "value": "KE",
    "label": "Kenya"
  },
  {
    "value": "KG",
    "label": "Kyrgyzstan"
  },
  {
    "value": "KH",
    "label": "Cambodia"
  },
  {
    "value": "KI",
    "label": "Kiribati"
  },
  {
    "value": "KM",
    "label": "Comoros"
  },
  {
    "value": "KN",
    "label": "St Kitts & Nevis"
  },
  {
    "value": "KR",
    "label": "South Korea"
  },
  {
    "value": "KW",
    "label": "Kuwait"
  },
  {
    "value": "KY",
    "label": "Cayman Islands"
  },
  {
    "value": "KZ",
    "label": "Kazakhstan"
  },
  {
    "value": "LA",
    "label": "Laos"
  },
  {
    "value": "LB",
    "label": "Lebanon"
  },
  {
    "value": "LC",
    "label": "St Lucia"
  },
  {
    "value": "LI",
    "label": "Liechtenstein"
  },
  {
    "value": "LK",
    "label": "Sri Lanka"
  },
  {
    "value": "LR",
    "label": "Liberia"
  },
  {
    "value": "LS",
    "label": "Lesotho"
  },
  {
    "value": "LT",
    "label": "Lithuania"
  },
  {
    "value": "LU",
    "label": "Luxembourg"
  },
  {
    "value": "LV",
    "label": "Latvia"
  },
  {
    "value": "LY",
    "label": "Libya"
  },
  {
    "value": "MA",
    "label": "Morocco"
  },
  {
    "value": "MC",
    "label": "Monaco"
  },
  {
    "value": "MD",
    "label": "Moldova"
  },
  {
    "value": "ME",
    "label": "Montenegro"
  },
  {
    "value": "MF",
    "label": "St Martin"
  },
  {
    "value": "MG",
    "label": "Madagascar"
  },
  {
    "value": "MK",
    "label": "North Macedonia"
  },
  {
    "value": "ML",
    "label": "Mali"
  },
  {
    "value": "MM",
    "label": "Myanmar (Burma)"
  },
  {
    "value": "MN",
    "label": "Mongolia"
  },
  {
    "value": "MO",
    "label": "Macao SAR China"
  },
  {
    "value": "MQ",
    "label": "Martinique"
  },
  {
    "value": "MR",
    "label": "Mauritania"
  },
  {
    "value": "MS",
    "label": "Montserrat"
  },
  {
    "value": "MT",
    "label": "Malta"
  },
  {
    "value": "MU",
    "label": "Mauritius"
  },
  {
    "value": "MV",
    "label": "Maldives"
  },
  {
    "value": "MW",
    "label": "Malawi"
  },
  {
    "value": "MX",
    "label": "Mexico"
  },
  {
    "value": "MY",
    "label": "Malaysia"
  },
  {
    "value": "MZ",
    "label": "Mozambique"
  },
  {
    "value": "NA",
    "label": "Namibia"
  },
  {
    "value": "NC",
    "label": "New Caledonia"
  },
  {
    "value": "NE",
    "label": "Niger"
  },
  {
    "value": "NG",
    "label": "Nigeria"
  },
  {
    "value": "NI",
    "label": "Nicaragua"
  },
  {
    "value": "NL",
    "label": "Netherlands"
  },
  {
    "value": "NO",
    "label": "Norway"
  },
  {
    "value": "NP",
    "label": "Nepal"
  },
  {
    "value": "NR",
    "label": "Nauru"
  },
  {
    "value": "NU",
    "label": "Niue"
  },
  {
    "value": "NZ",
    "label": "New Zealand"
  },
  {
    "value": "OM",
    "label": "Oman"
  },
  {
    "value": "PA",
    "label": "Panama"
  },
  {
    "value": "PE",
    "label": "Peru"
  },
  {
    "value": "PF",
    "label": "French Polynesia"
  },
  {
    "value": "PG",
    "label": "Papua New Guinea"
  },
  {
    "value": "PH",
    "label": "Philippines"
  },
  {
    "value": "PK",
    "label": "Pakistan"
  },
  {
    "value": "PL",
    "label": "Poland"
  },
  {
    "value": "PM",
    "label": "St Pierre & Miquelon"
  },
  {
    "value": "PN",
    "label": "Pitcairn Islands"
  },
  {
    "value": "PR",
    "label": "Puerto Rico"
  },
  {
    "value": "PS",
    "label": "Palestinian Territories"
  },
  {
    "value": "PT",
    "label": "Portugal"
  },
  {
    "value": "PY",
    "label": "Paraguay"
  },
  {
    "value": "QA",
    "label": "Qatar"
  },
  {
    "value": "RE",
    "label": "Réunion"
  },
  {
    "value": "RO",
    "label": "Romania"
  },
  {
    "value": "RS",
    "label": "Serbia"
  },
  {
    "value": "RU",
    "label": "Russia"
  },
  {
    "value": "RW",
    "label": "Rwanda"
  },
  {
    "value": "SA",
    "label": "Saudi Arabia"
  },
  {
    "value": "SB",
    "label": "Solomon Islands"
  },
  {
    "value": "SC",
    "label": "Seychelles"
  },
  {
    "value": "SD",
    "label": "Sudan"
  },
  {
    "value": "SE",
    "label": "Sweden"
  },
  {
    "value": "SG",
    "label": "Singapore"
  },
  {
    "value": "SH",
    "label": "St Helena"
  },
  {
    "value": "SI",
    "label": "Slovenia"
  },
  {
    "value": "SJ",
    "label": "Svalbard & Jan Mayen"
  },
  {
    "value": "SK",
    "label": "Slovakia"
  },
  {
    "value": "SL",
    "label": "Sierra Leone"
  },
  {
    "value": "SM",
    "label": "San Marino"
  },
  {
    "value": "SN",
    "label": "Senegal"
  },
  {
    "value": "SO",
    "label": "Somalia"
  },
  {
    "value": "SR",
    "label": "Suriname"
  },
  {
    "value": "SS",
    "label": "South Sudan"
  },
  {
    "value": "ST",
    "label": "São Tomé & Príncipe"
  },
  {
    "value": "SV",
    "label": "El Salvador"
  },
  {
    "value": "SX",
    "label": "Sint Maarten"
  },
  {
    "value": "SZ",
    "label": "Eswatini"
  },
  {
    "value": "TA",
    "label": "Tristan da Cunha"
  },
  {
    "value": "TC",
    "label": "Turks & Caicos Islands"
  },
  {
    "value": "TD",
    "label": "Chad"
  },
  {
    "value": "TF",
    "label": "French Southern Territories"
  },
  {
    "value": "TG",
    "label": "Togo"
  },
  {
    "value": "TH",
    "label": "Thailand"
  },
  {
    "value": "TJ",
    "label": "Tajikistan"
  },
  {
    "value": "TK",
    "label": "Tokelau"
  },
  {
    "value": "TL",
    "label": "Timor-Leste"
  },
  {
    "value": "TM",
    "label": "Turkmenistan"
  },
  {
    "value": "TN",
    "label": "Tunisia"
  },
  {
    "value": "TO",
    "label": "Tonga"
  },
  {
    "value": "TR",
    "label": "Türkiye"
  },
  {
    "value": "TT",
    "label": "Trinidad & Tobago"
  },
  {
    "value": "TV",
    "label": "Tuvalu"
  },
  {
    "value": "TW",
    "label": "Taiwan"
  },
  {
    "value": "TZ",
    "label": "Tanzania"
  },
  {
    "value": "UA",
    "label": "Ukraine"
  },
  {
    "value": "UG",
    "label": "Uganda"
  },
  {
    "value": "US",
    "label": "United States"
  },
  {
    "value": "UY",
    "label": "Uruguay"
  },
  {
    "value": "UZ",
    "label": "Uzbekistan"
  },
  {
    "value": "VA",
    "label": "Vatican City"
  },
  {
    "value": "VC",
    "label": "St Vincent & the Grenadines"
  },
  {
    "value": "VE",
    "label": "Venezuela"
  },
  {
    "value": "VG",
    "label": "British Virgin Islands"
  },
  {
    "value": "VN",
    "label": "Vietnam"
  },
  {
    "value": "VU",
    "label": "Vanuatu"
  },
  {
    "value": "WF",
    "label": "Wallis & Futuna"
  },
  {
    "value": "WS",
    "label": "Samoa"
  },
  {
    "value": "XK",
    "label": "Kosovo"
  },
  {
    "value": "YE",
    "label": "Yemen"
  },
  {
    "value": "YT",
    "label": "Mayotte"
  },
  {
    "value": "ZA",
    "label": "South Africa"
  },
  {
    "value": "ZM",
    "label": "Zambia"
  },
  {
    "value": "ZW",
    "label": "Zimbabwe"
  },
  {
    "value": "ZZ",
    "label": "Unknown Region"
  }
]