{"CookieSPAEnabled":true,"CookieSameSiteNoneEnabled":false,"CookieV2CSPEnabled":false,"MultiVariantTestingEnabled":false,"UseV2":true,"MobileSDK":false,"SkipGeolocation":false,"ScriptType":"PRODUCTION","Version":"202211.2.0","OptanonDataJSON":"7535b0ed-8e0f-49da-b55c-09ffc985e129","GeolocationUrl":"https://geolocation.onetrust.com/cookieconsentpub/v1/geo/location","BulkDomainCheckUrl":"https://cookies-data.onetrust.io/bannersdk/v1/domaingroupcheck","RuleSet":[{"Id":"0190e40d-9bc1-7aa9-abdf-08e2cd5d2fcf","Name":"Global Audience","Countries":["pr","ps","pw","py","qa","ad","ae","af","ag","ai","al","am","ao","aq","ar","as","au","aw","az","ba","bb","rs","bd","ru","bf","rw","bh","bi","bj","bl","bm","bn","bo","sa","sb","bq","sc","br","bs","sd","bt","bv","sg","sh","bw","by","sj","bz","sl","sn","so","ca","sr","ss","cc","cd","st","cf","sv","cg","sx","ch","ci","sy","sz","ck","cl","cm","cn","co","cr","tc","td","tf","cu","tg","cv","th","cw","cx","tj","tk","tl","tm","tn","to","tr","tt","tv","tw","dj","tz","dm","do","ua","ug","dz","um","us","ec","eg","eh","uy","uz","va","vc","er","ve","et","vg","vi","vn","vu","fj","fk","fm","fo","wf","ga","gb","ws","gd","ge","gg","gh","gi","gl","gm","gn","gq","gs","gt","gu","gw","gy","xk","hk","hm","hn","ye","ht","id","il","im","in","io","za","iq","ir","zm","je","zw","jm","jo","jp","ke","kg","kh","ki","km","kn","kp","kr","kw","ky","kz","la","lb","lc","lk","lr","ls","ly","ma","md","me","mg","mh","mk","ml","mm","mn","mo","mp","mr","ms","mu","mv","mw","mx","my","mz","na","nc","ne","nf","ng","ni","np","nr","nu","nz","om","pa","pe","pf","pg","ph","pk","pm","pn"],"States":{},"LanguageSwitcherPlaceholder":{"default":"en"},"BannerPushesDown":false,"Default":true,"Global":true,"Type":"GDPR","UseGoogleVendors":false,"VariantEnabled":false,"TestEndTime":null,"Variants":[],"TemplateName":"Generic BSP template","Conditions":[],"GCEnable":false,"IsGPPEnabled":false,"EnableJWTAuthForKnownUsers":false},{"Id":"0190e40d-9bc1-70ed-898f-dd50f14fd337","Name":"GDPR Audience","Countries":["de","no","be","fi","pt","bg","dk","lt","lu","hr","lv","fr","hu","se","mc","si","sk","mf","sm","yt","ie","gf","ee","mq","mt","gp","is","it","gr","es","re","at","cy","ax","cz","pl","ro","li","nl"],"States":{},"LanguageSwitcherPlaceholder":{"default":"en"},"BannerPushesDown":false,"Default":false,"Global":false,"Type":"GDPR","UseGoogleVendors":false,"VariantEnabled":false,"TestEndTime":null,"Variants":[],"TemplateName":"Generic BSP template","Conditions":[],"GCEnable":false,"IsGPPEnabled":false,"EnableJWTAuthForKnownUsers":false}],"IabData":{"cookieVersion":"1","createdTime":"2024-10-10T09:22:05.706275010","updatedTime":"2024-10-10T09:22:05.706281010","cmpId":"28","cmpVersion":"1","consentScreen":"1","consentLanguage":null,"vendorListVersion":0,"maxVendorId":0,"encodingType":"0","globalVendorListUrl":"https://cdn.cookielaw.org/vendorlist/iabData.json"},"IabV2Data":{"cookieVersion":"1","createdTime":"2024-10-10T09:22:05.757647085","updatedTime":"2024-10-10T09:22:05.757652645","cmpId":"28","cmpVersion":"1","consentScreen":"1","consentLanguage":null,"vendorListVersion":0,"maxVendorId":0,"encodingType":"0","globalVendorListUrl":"https://cdn.cookielaw.org/vendorlist/iab2Data.json"},"Iab2V2Data":{"cookieVersion":"1","createdTime":"2024-10-10T09:22:05.809298561","updatedTime":"2024-10-10T09:22:05.809304041","cmpId":"28","cmpVersion":"1","consentScreen":"1","consentLanguage":null,"vendorListVersion":0,"maxVendorId":0,"encodingType":"0","globalVendorListUrl":"https://cdn.cookielaw.org/vendorlist/iab2V2Data.json"},"GoogleData":{"vendorListVersion":1,"googleVendorListUrl":"https://cdn.cookielaw.org/vendorlist/googleData.json"},"ScriptDynamicLoadEnabled":false,"TenantFeatures":{"CookieV2BannerFocus":true,"CookieV2RejectAll":true,"CookieV2GPC":true,"CookieV2GeolocationJsonApi":true,"CookieV2TCF21":true,"CookieV2BannerLogo":true,"ConsentStoreConsentStrings":true,"CookieV2AssignTemplateRule":true,"MobileAuthenticatedConsents":true,"CookieV2GCMDMA":true,"CookieV2RemoveSettingsIcon":true,"CookieV2GeneralVendors":true,"CookieV2GPP":true},"IsSuppressBanner":false,"IsSuppressPC":false,"PublisherCC":"DE","Domain":"app.remini.ai","TenantGuid":"7166fed7-dcf8-4255-833c-9f267f90c2a3","EnvId":"app-de-prod","RemoteActionsEnabled":false,"GeoRuleGroupName":"Default Audiences","GATrackToggle":false,"GATrackAssignedCategory":"","WebFormIntegrationEnabled":false,"WebFormSrcUrl":"","WebFormWorkerUrl":"","GppData":{"cmpId":"28"},"AuthenticatedConsent":false,"CDNLocation":"https://cdn.cookielaw.org"}